total,name,id
335.24000000000000000000,"(230) Aura Duke blue",230
393.20000000000000000000,"(1473) Delta Cornflower blue",1473
11.30000000000000000000,"(282) Rainbow Aero",282
81.56000000000000000000,"(1759) Infinity Dark olive green",1759
65.61000000000000000000,"(28) Aura Almond",28
191.91000000000000000000,"(426) Rainbow Copper red",426
365.68000000000000000000,"(1849) Nexus Amaranth deep purple",1849
54.33000000000000000000,"(189) Aura Dark byzantium",189
70.16000000000000000000,"(574) Synergy Baby pink",574
308.97,"(2187) Genesis Burnt umber",2187
192.84000000000000000000,"(828) Apex Atomic tangerine",828
259.41000000000000000000,"(1719) Infinity Coffee",1719
176.25000000000000000000,"(883) Apex Burlywood",883
60.69,"(1784) Infinity Denim blue",1784
4.54000000000000000000,"(965) Apex Cyber grape",965
23.65000000000000000000,"(443) Rainbow Cyan",443
384.84000000000000000000,"(1517) Delta Deep jungle green",1517
344.40000000000000000000,"(349) Rainbow Blue-violet",349
145.78000000000000000000,"(1535) Delta Eggplant",1535
10.56000000000000000000,"(2434) Momentum Bone",2434
55.12000000000000000000,"(562) Synergy Aqua",562
173.88000000000000000000,"(2222) Genesis Charm pink",2222
141.72000000000000000000,"(640) Synergy Canary yellow",640
156.35000000000000000000,"(2254) Genesis Cornsilk",2254
470.90000000000000000000,"(762) Synergy English lavender",762
26.60000000000000000000,"(2389) Momentum Aureolin",2389
135.72,"(2175) Genesis Brick red",2175
44.68000000000000000000,"(948) Apex Coquelicot",948
184.47000000000000000000,"(1005) Apex Desert",1005
119.28000000000000000000,"(2049) Nexus Drab dark brown",2049
138.54000000000000000000,"(1549) Delta Falu red",1549
72.94000000000000000000,"(2127) Genesis Ash gray",2127
180.55000000000000000000,"(2024) Nexus Dark salmon",2024
364.05000000000000000000,"(2277) Genesis Dark liver (horses)",2277
47.8,"(943) Apex Copper",943
326.24,"(2043) Nexus Denim",2043
146.61000000000000000000,"(2502) Momentum Cool grey",2502
38.12000000000000000000,"(1403) Delta Burlywood",1403
205.02000000000000000000,"(2120) Genesis Antique white",2120
7.54000000000000000000,"(810) Apex Amaranth pink",810
62.20000000000000000000,"(993) Apex Davy's grey",993
16.54000000000000000000,"(1715) Infinity Cinnamon Satin",1715
128.52000000000000000000,"(1225) Unicorn Cyber grape",1225
122.68,"(2315) Genesis Eggplant",2315
132.20000000000000000000,"(1357) Delta Banana Mania",1357
73.68000000000000000000,"(1433) Delta Celeste",1433
13.72000000000000000000,"(27) Aura Alloy orange",27
53.10000000000000000000,"(1447) Delta China pink",1447
146.20000000000000000000,"(874) Apex Bone",874
106.32000000000000000000,"(1860) Nexus Antique white",1860
86.32000000000000000000,"(484) Rainbow Denim blue",484
175.84000000000000000000,"(750) Synergy Duke blue",750
142.96000000000000000000,"(2030) Nexus Dark spring green",2030
76.16000000000000000000,"(877) Apex Bright yellow (Crayola)",877
288.66000000000000000000,"(2509) Momentum Coral",2509
417.80000000000000000000,"(1003) Apex Denim",1003
581.67,"(197) Aura Dark liver (horses)",197
454.25000000000000000000,"(1290) Unicorn Fandango",1290
83.20000000000000000000,"(1332) Delta Amazon",1332
30.12000000000000000000,"(364) Rainbow Burnished brown",364
66.16000000000000000000,"(884) Apex Burnished brown",884
95.20000000000000000000,"(1786) Infinity Desert sand",1786
112.95000000000000000000,"(556) Synergy Antique brass",556
145.32000000000000000000,"(680) Synergy Columbia Blue",680
260.70000000000000000000,"(333) Rainbow Black Shadows",333
58.80000000000000000000,"(2374) Momentum Amethyst",2374
310.50000000000000000000,"(663) Synergy Chartreuse (web)",663
237.30000000000000000000,"(1047) Apex French fuchsia",1047
89.94,"(1238) Unicorn Dark magenta",1238
7.50000000000000000000,"(389) Rainbow Carrot orange",389
244.44000000000000000000,"(2090) Nexus French mauve",2090
238.29000000000000000000,"(472) Rainbow Dark violet",472
171.05000000000000000000,"(629) Synergy Byzantium",629
221.08000000000000000000,"(818) Apex Antique fuchsia",818
410.67,"(1012) Apex Ebony",1012
34.25000000000000000000,"(285) Rainbow Alice blue",285
228.48,"(535) Rainbow Frostbite",535
10.10000000000000000000,"(1419) Delta Canary",1419
60.66000000000000000000,"(633) Synergy Cadmium orange",633
279.00000000000000000000,"(804) Apex Air superiority blue",804
259.12000000000000000000,"(1797) Infinity Electric lime",1797
103.42000000000000000000,"(2280) Genesis Dark orange",2280
400.96,"(1026) Apex Erin",1026
78.84000000000000000000,"(2392) Momentum Baby blue",2392
40.30000000000000000000,"(107) Aura Burnt umber",107
148.60000000000000000000,"(740) Synergy Deep sky blue",740
195.32000000000000000000,"(2455) Momentum Café noir",2455
48.63000000000000000000,"(165) Aura Copper penny",165
136.98000000000000000000,"(1785) Infinity Desert",1785
133.95000000000000000000,"(468) Rainbow Dark slate blue",468
309.16000000000000000000,"(2283) Genesis Dark red",2283
199.02000000000000000000,"(1288) Unicorn Fallow",1288
142.00000000000000000000,"(2035) Nexus Deep champagne",2035
94.38000000000000000000,"(2446) Momentum Burnt sienna",2446
285.72000000000000000000,"(826) Apex Arylide yellow",826
13.17000000000000000000,"(967) Apex Cyclamen",967
77.49000000000000000000,"(1082) Unicorn Aqua",1082
19.30000000000000000000,"(253) Aura Fern green",253
210.24000000000000000000,"(68) Aura Bitter lemon",68
45.80000000000000000000,"(431) Rainbow Cordovan",431
50.31000000000000000000,"(496) Rainbow Eggshell",496
290.16000000000000000000,"(2484) Momentum Cherry blossom pink",2484
39.69,"(2067) Nexus Eton blue",2067
330.65000000000000000000,"(2294) Genesis Deep cerise",2294
18.5,"(728) Synergy Dark slate blue",728
348.15000000000000000000,"(2379) Momentum Antique ruby",2379
84.70000000000000000000,"(2004) Nexus Cyan (process)",2004
30.00000000000000000000,"(1264) Unicorn Denim blue",1264
269.80000000000000000000,"(2256) Genesis Cosmic latte",2256
65.17000000000000000000,"(464) Rainbow Dark salmon",464
70.13000000000000000000,"(1488) Delta Dark brown",1488
113.56000000000000000000,"(2308) Genesis Dodger blue",2308
83.56000000000000000000,"(410) Rainbow Chinese yellow",410
277.29000000000000000000,"(2385) Momentum Artichoke green",2385
211.86000000000000000000,"(595) Synergy Blast-off bronze",595
202.71000000000000000000,"(2419) Momentum Blue",2419
119.43000000000000000000,"(599) Synergy Blue",599
35.88000000000000000000,"(2476) Momentum Cerulean blue",2476
40.10000000000000000000,"(279) Aura Fuzzy Wuzzy",279
444.85000000000000000000,"(1254) Unicorn Deep cerise",1254
230.43000000000000000000,"(2481) Momentum Charcoal",2481
93.32000000000000000000,"(1820) Infinity Flax",1820
12.88000000000000000000,"(377) Rainbow Camel",377
256.17000000000000000000,"(1887) Nexus Bistre brown",1887
275.00000000000000000000,"(1177) Unicorn Cerulean frost",1177
29.16000000000000000000,"(2239) Genesis Coffee",2239
13.16000000000000000000,"(1806) Infinity Erin",1806
104.22000000000000000000,"(2401) Momentum Beaver",2401
30.21000000000000000000,"(180) Aura Crimson",180
66.76000000000000000000,"(678) Synergy Claret",678
190.60000000000000000000,"(399) Rainbow Champagne",399
107.85000000000000000000,"(1848) Nexus Almond",1848
138.40000000000000000000,"(413) Rainbow Cinereous",413
3.60000000000000000000,"(1965) Nexus Chestnut",1965
255.04000000000000000000,"(134) Aura Cerise",134
251.25000000000000000000,"(441) Rainbow Crimson (UA)",441
254.16000000000000000000,"(873) Apex Bole",873
239.40000000000000000000,"(1972) Nexus Chocolate (web)",1972
179.20000000000000000000,"(2080) Nexus Flax",2080
299.04000000000000000000,"(309) Rainbow Aureolin",309
469.55000000000000000000,"(980) Apex Dark orange",980
50.96000000000000000000,"(1934) Nexus Café au lait",1934
86.78000000000000000000,"(108) Aura Byzantine",108
426.75000000000000000000,"(1645) Infinity Blue bell",1645
19.72000000000000000000,"(207) Aura Dark sky blue",207
3.89000000000000000000,"(1814) Infinity Field drab",1814
43.80000000000000000000,"(1227) Unicorn Cyclamen",1227
475.00000000000000000000,"(1384) Delta Blue (pigment)",1384
114.68000000000000000000,"(1387) Delta Blue jeans",1387
290.31000000000000000000,"(174) Aura Cornsilk",174
27.60000000000000000000,"(1885) Nexus Bisque",1885
69.3,"(527) Rainbow French fuchsia",527
15.92000000000000000000,"(201) Aura Dark orchid",201
306.72000000000000000000,"(1781) Infinity Deep Space Sparkle",1781
194.55000000000000000000,"(272) Aura French raspberry",272
284.25000000000000000000,"(1857) Nexus Antique bronze",1857
82.59000000000000000000,"(1165) Unicorn Carmine (M&P)",1165
244.80000000000000000000,"(2339) Genesis Flame",2339
97.56000000000000000000,"(1190) Unicorn Chinese yellow",1190
246.72000000000000000000,"(2417) Momentum Blizzard blue",2417
252.00000000000000000000,"(990) Apex Dark spring green",990
134.84000000000000000000,"(1405) Delta Burnt orange",1405
109.46000000000000000000,"(2021) Nexus Dark orchid",2021
394.8,"(40) Aura Antique white",40
337.12,"(1088) Unicorn Atomic tangerine",1088
32.84000000000000000000,"(2165) Genesis Blue bell",2165
127.92000000000000000000,"(656) Synergy Cerulean blue",656
113.84000000000000000000,"(1278) Unicorn Electric purple",1278
228.90000000000000000000,"(2399) Momentum Battleship grey",2399
274.41,"(273) Aura French sky blue",273
122.85000000000000000000,"(1270) Unicorn Duke blue",1270
345.70000000000000000000,"(712) Synergy Dark goldenrod",712
36.51000000000000000000,"(1575) Delta Frostbite",1575
81.64000000000000000000,"(2333) Genesis Fern green",2333
78.25000000000000000000,"(1932) Nexus Cadmium green",1932
59.16000000000000000000,"(1203) Unicorn Copper",1203
37.57000000000000000000,"(2115) Genesis Android green",2115
80.73,"(573) Synergy Baby blue eyes",573
8.73000000000000000000,"(997) Apex Deep jungle green",997
156.42000000000000000000,"(1377) Delta Blizzard blue",1377
85.51000000000000000000,"(1892) Nexus Black olive",1892
239.67000000000000000000,"(1954) Nexus Cerise",1954
33.47000000000000000000,"(2444) Momentum Burnished brown",2444
188.56000000000000000000,"(1046) Apex French blue",1046
24.55000000000000000000,"(2466) Momentum Carnation pink",2466
261.35000000000000000000,"(1802) Infinity English lavender",1802
17.75000000000000000000,"(1843) Nexus African violet",1843
28.22000000000000000000,"(1286) Unicorn Erin",1286
89.31000000000000000000,"(1458) Delta Claret",1458
137.56000000000000000000,"(2180) Genesis Bud green",2180
74.85000000000000000000,"(856) Apex Bleu de France",856
481.55000000000000000000,"(228) Aura Dodger blue",228
200.04000000000000000000,"(1122) Unicorn Blue (NCS)",1122
289.35000000000000000000,"(494) Rainbow Eerie black",494
100.38000000000000000000,"(1237) Unicorn Dark liver (horses)",1237
64.63000000000000000000,"(1888) Nexus Bitter lemon",1888
469.80000000000000000000,"(2149) Genesis Black",2149
64.12000000000000000000,"(1524) Delta Denim blue",1524
120.42000000000000000000,"(2236) Genesis Citrine",2236
5.94000000000000000000,"(1632) Infinity Black olive",1632
238.65000000000000000000,"(1222) Unicorn Cultured",1222
105.51000000000000000000,"(1851) Nexus Amaranth purple",1851
283.52000000000000000000,"(1654) Infinity Bone",1654
109.64000000000000000000,"(1327) Delta Alloy orange",1327
7.23000000000000000000,"(1960) Nexus Champagne pink",1960
71.00000000000000000000,"(2098) Nexus Fulvous",2098
148.50000000000000000000,"(625) Synergy Burnt orange",625
140.54000000000000000000,"(1321) Delta Acid green",1321
162.87000000000000000000,"(2242) Genesis Cool grey",2242
356.40000000000000000000,"(915) Apex Cerulean",915
165.56000000000000000000,"(1958) Nexus Cerulean (Crayola)",1958
87.10000000000000000000,"(973) Apex Dark green (X11)",973
12.50000000000000000000,"(2012) Nexus Dark goldenrod",2012
124.80000000000000000000,"(159) Aura Coffee",159
357.68000000000000000000,"(1104) Unicorn Big dip oâruby",1104
43.62000000000000000000,"(2081) Nexus Flirt",2081
145.72000000000000000000,"(1215) Unicorn Cosmic cobalt",1215
153.14000000000000000000,"(2086) Nexus French blue",2086
92.97000000000000000000,"(2232) Genesis Chocolate (web)",2232
92.16000000000000000000,"(1383) Delta Blue (Pantone)",1383
191.78000000000000000000,"(2477) Momentum Cerulean frost",2477
318.04000000000000000000,"(287) Rainbow Alloy orange",287
384.96000000000000000000,"(1583) Infinity African violet",1583
84.32000000000000000000,"(1043) Apex Forest green (web)",1043
72.20000000000000000000,"(1813) Infinity Fern green",1813
344.20000000000000000000,"(2334) Genesis Field drab",2334
601.84000000000000000000,"(434) Rainbow Cornsilk",434
69.97000000000000000000,"(316) Rainbow Baker-Miller pink",316
151.00000000000000000000,"(720) Synergy Dark orange",720
71.40000000000000000000,"(589) Synergy Black",589
661.28,"(2104) Genesis Air superiority blue",2104
154.00000000000000000000,"(2046) Nexus Desert sand",2046
111.36000000000000000000,"(2337) Genesis Firebrick",2337
29.72000000000000000000,"(84) Aura Blue (pigment)",84
434.35000000000000000000,"(989) Apex Dark slate gray",989
75.00000000000000000000,"(2478) Momentum Cerulean (Crayola)",2478
35.53000000000000000000,"(224) Aura Denim blue",224
262.35000000000000000000,"(1258) Unicorn Deep pink",1258
68.42000000000000000000,"(344) Rainbow Blue (pigment)",344
41.72000000000000000000,"(1285) Unicorn English violet",1285
228.52000000000000000000,"(827) Apex Ash gray",827
38.34000000000000000000,"(2147) Genesis Bistre brown",2147
180.66000000000000000000,"(1935) Nexus Café noir",1935
107.96000000000000000000,"(981) Apex Dark orchid",981
181.65000000000000000000,"(1333) Delta Amber",1333
97.04000000000000000000,"(1472) Delta Corn",1472
129.33000000000000000000,"(1239) Unicorn Dark olive green",1239
238.96000000000000000000,"(1762) Infinity Dark purple",1762
39.41000000000000000000,"(644) Synergy Carmine",644
43.17000000000000000000,"(2360) Momentum Absolute Zero",2360
84.10000000000000000000,"(673) Synergy Cinereous",673
65.06000000000000000000,"(384) Rainbow Carmine",384
103.29000000000000000000,"(592) Synergy Black olive",592
16.44000000000000000000,"(2176) Genesis Bright lilac",2176
10.82000000000000000000,"(2204) Genesis Carmine",2204
0.14000000000000000000,"(2411) Momentum Black coral",2411
110.00000000000000000000,"(498) Rainbow Electric purple",498
124.35000000000000000000,"(1703) Infinity Chartreuse (web)",1703
98.36000000000000000000,"(2322) Genesis English lavender",2322
185.08000000000000000000,"(212) Aura Dark violet",212
16.81000000000000000000,"(1969) Nexus Chinese violet",1969
163.29000000000000000000,"(77) Aura Blizzard blue",77
31.19000000000000000000,"(1495) Delta Dark khaki",1495
245.43000000000000000000,"(238) Aura Electric purple",238
31.95000000000000000000,"(1769) Infinity Dark slate gray",1769
327.75000000000000000000,"(255) Aura Fiery rose",255
352.05000000000000000000,"(1886) Nexus Bistre",1886
197.68000000000000000000,"(703) Synergy Cyan",703
93.84000000000000000000,"(2201) Genesis Candy pink",2201
71.88000000000000000000,"(1048) Apex French lilac",1048
170.46000000000000000000,"(1121) Unicorn Blue (Munsell)",1121
266.00000000000000000000,"(705) Synergy Cyber grape",705
85.74000000000000000000,"(1148) Unicorn Byzantine",1148
126.70000000000000000000,"(1031) Apex Fandango pink",1031
55.88000000000000000000,"(1562) Delta Floral white",1562
189.98000000000000000000,"(862) Apex Blue (NCS)",862
43.40000000000000000000,"(1658) Infinity Bronze",1658
154.65000000000000000000,"(961) Apex Crimson (UA)",961
6.28000000000000000000,"(1453) Delta Cinereous",1453
121.30000000000000000000,"(1756) Infinity Dark lava",1756
59.11000000000000000000,"(2023) Nexus Dark red",2023
123.94000000000000000000,"(2517) Momentum Coyote brown",2517
158.80000000000000000000,"(719) Synergy Dark olive green",719
64.62,"(2) Pull imprimé colibri",2
241.4,"(4) Affiche encadrée The adventure begins",4
47.597196261682,"(8) Mug Today is a good day",8
400.9,"(1) T-shirt imprimé colibri",1
116,"(3) Affiche encadrée The best is yet to come",3
98.46000000000000000000,"(931) Apex Chocolate (traditional)",931
381.68000000000000000000,"(1220) Unicorn Crimson",1220
18.00000000000000000000,"(14) Illustration vectorielle Colibri",14
77.95000000000000000000,"(2091) Nexus French pink",2091
137.52000000000000000000,"(1788) Infinity Dodger blue",1788
299.04000000000000000000,"(742) Synergy Deep taupe",742
225.36000000000000000000,"(342) Rainbow Blue (NCS)",342
105.04000000000000000000,"(2332) Genesis Fawn",2332
206.24000000000000000000,"(525) Rainbow French bistre",525
198.10000000000000000000,"(996) Apex Deep chestnut",996
157.68000000000000000000,"(1509) Delta Dark slate gray",1509
139.56000000000000000000,"(1316) Unicorn Fuchsia",1316
42.924392523364,"(6) Mug The best is yet to come",6
145,"(5) Affiche encadrée Today is a good day",5
84.98000000000000000000,"(659) Synergy Champagne",659
75.60000000000000000000,"(9) Coussin renard",9
98.30000000000000000000,"(708) Synergy Dark brown",708
236.19000000000000000000,"(175) Aura Cosmic cobalt",175
26.85000000000000000000,"(2117) Genesis Antique bronze",2117
378.48000000000000000000,"(202) Aura Dark purple",202
26.182242990654,"(7) Mug The adventure begins",7
301.50000000000000000000,"(1738) Infinity Cotton candy",1738
321.32000000000000000000,"(1755) Infinity Dark khaki",1755
379.20000000000000000000,"(2196) Genesis Cambridge blue",2196
199.83000000000000000000,"(2137) Genesis Banana Mania",2137
171.33000000000000000000,"(23) Aura African violet",23
431.80000000000000000000,"(179) Aura Cream",179
143.95000000000000000000,"(808) Apex Almond",808
144.81,"(2519) Momentum Cream",2519
1129.80000000000000000000,"(24) Aura Air superiority blue",24
56.54000000000000000000,"(20) Aura Absolute Zero",20
58.86,"(1491) Delta Dark electric blue",1491
